{
  "greet": {
    "precision": 0.8571428571428571,
    "recall": 0.9230769230769231,
    "f1-score": 0.888888888888889,
    "support": 13,
    "confused_with": {
      "goodbye": 1
    }
  },
  "fracture_accepted": {
    "precision": 0.8,
    "recall": 0.8,
    "f1-score": 0.8000000000000002,
    "support": 5,
    "confused_with": {
      "cold_confirm": 1
    }
  },
  "med_not_helped": {
    "precision": 0.75,
    "recall": 0.6,
    "f1-score": 0.6666666666666665,
    "support": 5,
    "confused_with": {
      "med_helped": 2
    }
  },
  "fever_sym": {
    "precision": 1.0,
    "recall": 0.8333333333333334,
    "f1-score": 0.9090909090909091,
    "support": 6,
    "confused_with": {
      "med_helped": 1
    }
  },
  "bot_challenge": {
    "precision": 0.8333333333333334,
    "recall": 1.0,
    "f1-score": 0.9090909090909091,
    "support": 5,
    "confused_with": {}
  },
  "med_helped": {
    "precision": 0.5714285714285714,
    "recall": 0.8,
    "f1-score": 0.6666666666666666,
    "support": 5,
    "confused_with": {
      "med_not_helped": 1
    }
  },
  "cold_confirm": {
    "precision": 0.6,
    "recall": 0.6,
    "f1-score": 0.6,
    "support": 5,
    "confused_with": {
      "greet": 1,
      "fracture_accepted": 1
    }
  },
  "fracture_sym": {
    "precision": 1.0,
    "recall": 1.0,
    "f1-score": 1.0,
    "support": 5,
    "confused_with": {}
  },
  "goodbye": {
    "precision": 0.875,
    "recall": 0.7,
    "f1-score": 0.7777777777777777,
    "support": 10,
    "confused_with": {
      "greet": 1,
      "cold_confirm": 1
    }
  },
  "accuracy": 0.8135593220338984,
  "macro avg": {
    "precision": 0.8096560846560846,
    "recall": 0.8062678062678064,
    "f1-score": 0.802020202020202,
    "support": 59
  },
  "weighted avg": {
    "precision": 0.8248587570621468,
    "recall": 0.8135593220338984,
    "f1-score": 0.8135593220338985,
    "support": 59
  },
  "micro avg": {
    "precision": 0.8135593220338984,
    "recall": 0.8135593220338984,
    "f1-score": 0.8135593220338984,
    "support": 59
  }
}